Klinik name,klinik website,Stellenlink,Kontak,,,
Evangelische Lukas-Stiftung Altenburg,https://www.lukasstiftung-altenburg.de/, https://www.lukasstiftung-altenburg.de/karriere,"Chefarzt, Herr Dr. Christian Schäfer
christian.schaefer@lukasstiftung-altenburg.de       ",,,
Klinikum Altenburger Land,https://www.klinikum-altenburgerland.de/,Ärztlicher Dienst - Stellenangebote - Klinikum Altenburger Land (klinikum-altenburgerland.de),"Chefärztin der Klinik für Kinder- und Jugendmedizin und Neonatologie
Kerstin Ehrentraut
kerstin.ehrentraut@klinikum-altenburgerland.de
bewerbung@klinikum-altenburgerland.de Frau Kopitz a-chirurgie@klinikum-altenburgerland.de CA Dr. Voigt
bewerbung@klinikum-altenburgerland.de
Frau Kopitz Personalabteilung
sophie.kopitz@klinikum-altenburgerland.de      ",,,
Medizinische Versorgungszentren Altenburger Land,https://www.klinikum-altenburgerland.de/kkhabg/mvz/schmolln/fachbereiche,https://www.klinikum-altenburgerland.de/kkhabg/mvz/stellenangebote/mvz-stellenangebote.html,      ,,,
Robert- Koch- Krankenhaus Apolda,https://www.rkk-apolda.de/startseite,Robert-Koch-Krankenhaus Apolda: Offene Stellen (rkk-apolda.de),"Herr Pfeiffer Chefarzt Herr Marian Eulitz
m.eulitz@rkk-apolda.de
sek.paed@rkk-apolda.de
bewerbung@rkk-apolda.de Personalleiter
Herr Thomas Pfeiffer
t.pfeiffer@rkk-apolda.de
sek.gyn@rkk-apolda.de (Frau Dr. Belke CÄ Gyn.)  
Chefärztin Radiologie
Dr. med. Kathrin Barth
k.barth@rkk-apolda.de 
Personalleiter
Herr Thomas Pfeiffer
t.pfeiffer@rkk-apolda.de    ",,,
Marienstift Arnstadt,https://karriere.marienstift-arnstadt.de/, https://karriere.marienstift-arnstadt.de/stellenanzeigen#filter,"Sehr geehrter Herr Fischer,
vielen Dank für Ihre Mail. 
Bei unseren aktuellen Stellenangeboten benötigen wir derzeit keine Unterstützung
von Personaldienstleistern etc.
Wir werden aber Ihre Kontaktdaten speichern und uns bei Bedarf bei Ihnen melden. 
Danke für Ihr Verständnis.

Anne Brinck
Personalabteilung
Marienstift Arnstadt
a.brinck@ms-arn.de karriere@ms-arn.de      ",,,
Ilm- Kreis- Kliniken Arnstadt Ilmenau,https://www.ilm-kreis-kliniken.de/,https://www.ilm-kreis-kliniken.de/unsere-kliniken/karriere/,"Bewerbungen für Bereitschaftsdienst nur  mit Approbation
Infomail von Frau Fritzsch/Dr. Stein Herr Dr. med. Joachim Pausch
heide.fritzsch@ilm-kreis-kliniken.de
aed@ilm-kreis-kliniken.de
Bewerbung Chefarzt
detlev.stein@ilm-kreis-kliniken.de
Toralf.Wolkersdoerfer@ilm-kreis-kliniken.de. CA Allg-und Viszeralch. Herr Dr. med. Thomas Weihrauch
Chefarzt Orthopädie und Unfallchirurgie
thomas.weihrauch@ilm-kreis-kliniken.de
aed@ilm-kreis-kliniken.de Chefärztin
Frau Dr. med. Heike Schlegel-Höfner
intensivmedizin.arn@ilm-kreis-kliniken.de
Herr Dr. med. Joachim Pausch
heide.fritzsch@ilm-kreis-kliniken.de
aed@ilm-kreis-kliniken.de
Bewerbung"" Chefarzt Orthopädie und Unfallchirurgie
Herr Prof. Dr. Olaf Kilian

Chefarzt Wirbelsäulenchirurgie
Herr Ass. Prof. Dr. med. M. Shousha Frau MUDr. Sylvia Tresselt
Ärztliche Direktorin
aed@ilm-kreis-kliniken.de.",,,
Zentralklinik Bad Berka,https://www.zentralklinik.de/index.html, https://bewerberportal.rhoen-klinikum-ag.com/stellenangebote.html?sid=a773b013a04202dc6002592ccf9b3ec5,"Dr. Michael Weber Chefarzt 
michael.weber@zentralklinik.de
Herr Prof. Dr. Olaf Kilian
pne@zentralklinik.de 
Personalabteilung Leitungsebene Personal
Ramona Nolden
bewerbung@zentralklinik.de Herr Chefarzt Prof. Dr. Hörsch
dieter.hoersch@zentralklinik-bad-berka.de
Frau Chefärztin Dr.med. Kurze
ines.kurze@zentralklinik.de
bewerbung@zentralklinik.de Chefarzt der Klinik für Orthopädie und Unfallchirurgie
Herr Prof. Dr. Olaf Kilian
ouc@zentralklinik.de
Chefarzt Wirbelsäulenchirurgie
Herr Ass. Prof. Dr. med. M. Shousha
bewerbung@zentralklinik.de Chefarzt der Klinik für Herzchirurgie
Herr Dr. med. Thomas Kuntze
Sekretariat Yvonne Gaßmann
kac@zentralklinik.de
Personal Frau  Ramona Nolden
bewerbung@zentralklinik.de Betriebsarzt 
Herr Dr. med. Bencivinni
daniele.bencivinni@zentralklinik.de
bewerbung@zentralklinik.de   ",,,
Moritz Klinik Bad Klosterlausnitz,https://www.moritz-klinik.de/,https://www.ugos.de/karriere/karriere-in-der-ugos/karriere-in-der-moritz-klinik,"bewerbung@moritz-klinik.de Herr Göpel Chefarzt 
Dr. med. Hans Ziegenthaler
Brandverletzungen und Orthopädie/Traumatologie
brandverletzte@moritz-klinik.de
Personalmanagement
Kathrin Präger
kathrin.praeger@moritz-klinik.de      ",,,
Hufeland Klinikum Bad Langensalza (und Mühlhausen),https://www.hufeland.de/,Hufeland Klinikum: Ärztlicher Dienst,"Iveta Sturmova
kommissarische Chefärztin
medizin.mhl@hufeland.de
bewerbungen@hufeland.de Chetarzt Bad Salzungen Innere
Dr. med. Jan Hinrichs
Sekreteriat
medizin.lsz@hufeland.de
Chefarzt Mühlhausen Innere
Dr. med. Rainer Gerlach
Sekreteriat
medizin.mhl@hufeland.de
bewerbungen@hufeland.de Chefarzt und Facharzt für Anästhesiologie
Dr. med. Lutz Pfeiffer
Sekreteriat Katy Dauphin
medizin.mhl@hufeland.de 
Chefarzt und Facharzt für Anästhesiologie
Priv.-Doz. Dr. med. habil. Stefan Rußwurm
medizin.lsz@hufeland.de 
bewerbungen@hufeland.de Chefarzt Dr. Steffen Liebers
medizin.lsz@hufeland.de
Personalstelle
Frau  Marie Kleipetschus
marie.kleipetschus@hufeland.de
bewerbungen@hufeland.de Chefarzt Innere
Dr. med. Mirko Leonhardt
Sekretreiat
medizin.lsz@hufeland.de 
Frau  Marie Kleipetschus
marie.kleipetschus@hufeland.de
bewerbungen@hufeland.de  ",,,
Sophien- und Hufeland Klinikum Weimar,https://www.klinikum-weimar.de/,https://www.klinikum-weimar.de/beruf-karriere/beruf-karriere-uebersicht/weitere-informationen/stellenportal,"Herr PD Dr. med. habil. Wolfram Herbert Kluge
orthopaedie.mvz1@mvz-weimar.de
bewerbung@klinikum-weimar.de  Chefarzt Gynäkologie und Geburtshilfe
Herr Dr. med. J. Herrmann
j.herrmann@klinikum-weimar.de
bewerbung@klinikum-weimar.de Chefärzte Anästhesie und Intensivmedizin
Herr Dr. med. F. Schmidt
Herr Dr. med. C. Lascho
Sekreteriat Frau Christiane Wollschläger
c.wollschlaeger@klinikum-weimar.de
bewerbung@klinikum-weimar.de Chefarzt Psychosomatische Medizin/Psychotherapie
Herr Dr. T. Vieweg
psychosomatik@klinikum-weimar.de
bewerbung@klinikum-weimar.de Chefarzt Psychiatrie und Psychotherapie
Herr PD Dr. med. Thomas Jochum
T.Jochum@klinikum-weimar.de
psychiatrie@klinikum-weimar.de
bewerbung@klinikum-weimar.de avc@klinikum-weimar.de
Dr Mothes CA AllgVisz.Gefäßch. Chefarzt der Klinik für Innere Medizin III
Herr PD Dr. med. habil. S. Pscherer
innere3@klinikum-weimar.de
Personalleitung Frau Schubert
bewerbung@klinikum-weimar.de",,,
m&i- Fachklinik Bad Liebenstein,https://www.fachklinik-bad-liebenstein.de/,https://fkl-enzensberg.career.softgarden.de/,"bewerbung@fachklinik-bad-liebenstein.de
Frau Römhild Personal
nicolle.roemhild@fachklinik-bad-liebenstein.de kardiologie@fachklinik-bad-liebenstein.de
Dr. Rübsam Dr. med. Axel Gassen
Chefarzt Orthopädie/Unfallchirurgie
axel.gassen@fachklinik-bad-liebenstein.de
orthopaedie@fachklinik-bad-liebentein.de
bewerbung@fachklinik-bad-liebenstein.de    ",,,
Klinikum Bad Salzungen,https://www.klinikum-badsalzungen.de/,https://www.karriere-klinikum-badsalzungen.de/stellenangebote,"Bewerbung@klinikum-badsalzungen.de
Personalleiterin Steffi Gröbe-Kaupert
Herr Chefarzt Dr. med. Andreas Widera
andreas.widera@klinikum-badsalzungen.de Chefarzt Herr Dr. Scholz
Sandra Hartung
Sandra.Hartung@klinikum-badsalzungen.de Chefarzt Dr. med. Marcel Kunde
marcel.kunde@klinikum-badsalzungen.de
bewerbung@klinikum-badsalzungen.de Chefarzt Tino Beylich
tino.beylich@klinikum-badsalzungen.de
bewerbung@klinikum-badsalzungen.de   ",,,
MEDIAN Klinik Bad Tennstedt,https://www.median-kliniken.de/de/median-klinik-bad-tennstedt/,https://karriere.median-kliniken.de/de/standorte/details/median-klinik-bad-tennstedt,"Frau Braun
Chefärztin der Gastroenterologie
elisabeth.braun@median-kliniken.de
bewerbung@zentralklinik.de  dennie.halupka[at]median-kliniken.de Bewerbung     ",,,
HELIOS Klinik Blankenhain Postleitzahl 99444,https://www.helios-gesundheit.de/standorte-angebote/kliniken/blankenhain/,https://www.helios-gesundheit.de/karriere/job-finden/?tx_heliosuwstemplates_jobsearch%5Btitle%5D=arzt&tx_heliosuwstemplates_jobsearch%5Blocation%5D=blankenhain&tx_heliosuwstemplates_jobsearch%5Bcategory%5D=,"Helios Gotha
Ärztin Frau Anja Rabe
Anja.Rabe@helios-gesundheit.de
Gerd Pahnke
gerd.pahnke@helios-gesundheit.de Helios Erfurt
Prof. Dr. Axel Sauerbrey
axel.sauerbrey@helios-gesundheit.de
Gerd Pahnke
gerd.pahnke@helios-gesundheit.de Herrn Dr. med. Xaver Krah
Ärztlicher Direktor
xaver.krah@helios-gesundheit.de
Prof. Dr. med. Alexander Lauten
Chefarzt Innere Medizin
alexander.lauten@helios-gesundheit.de
Gerd Pahnke
gerd.pahnke@helios-gesundheit.de Prof. Thomas Mückley
Chefarzt der Klinik für Orthopädie und Unfallchirurgie
thomas.mueckley@helios-gesundheit.de
Herrn Mahmoud Otabashi
Stadortleiter, Oberarzt Orthopädie/Unfallchirurgie
mahmoud.otabashi@helios-gesundheit.de
Personal
Annerose Allner-Nebe
Annerose.Allner-Nebe@helios-gesundheit.de
Katrin Klaus (Nicht mehr im Unternehmen)
katrin.klaus@helios-kliniken.de Standortleiterin Anästhesie/ Intensivmedizin
Frau Dr. med. Alina Blümel
alina.bluemel@helios-gesundheit.de
Personal Annerose Allner-Nebe
Annerose.Allner-Nebe@helios-gesundheit.de CA Dr. Jörg Kluge
joerg.kluge2@helios-gesundheit.de ",,,
HELIOS Klinik Erfurt Postleitzahl  9084,https://www.helios-gesundheit.de/standorte-angebote/kliniken/erfurt/,https://www.helios-gesundheit.de/karriere/job-finden/?tx_heliosuwstemplates_jobsearch%5Btitle%5D=arzt&tx_heliosuwstemplates_jobsearch%5Blocation%5D=99867,"Chefarzt Dr. med. Christoph C. Haufe
christoph.haufe@helios-gesundheit.de
Chefarzt Prof. Dr. med. Wolfgang Neuhofer
wolfgang.neuhofer@helios-gesundheit.de
Patricia Herrmann
Personalchefin für Erfurt, Gotha, Blankenhein
patricia.herrmann@helios-gesundheit.de
Personalleiter | Clusterleiter Helios Kliniken Thüringen Mitte
Robert.Pistel@helios-gesundheit.de Chefarzt Herr Prof. Dr. med. Alexander Lauten
alexander.lauten@helios-gesundheit.de
Patricia Herrmann
Personalchefin für Erfurt, Gotha, Blankenhein
patricia.herrmann@helios-gesundheit.de
Personalleiter | Clusterleiter Helios Kliniken Thüringen Mitte
Robert.Pistel@helios-gesundheit.de Leitender Oberarzt
Dr. med. Andreas Lohr
andreas.lohr@helios-gesundheit.de
spz.erfurt@helios-gesundheit.de
Personalleiter Clusterleiter Helios Kliniken
Thüringen Mitte
Robert.Pistel@helios-gesundheit.de Helios Erfurt
Prof. Dr. Axel Sauerbrey
axel.sauerbrey@helios-gesundheit.de
Personalchefin für Erfurt, Gotha, Blankenhein
Frau  Patricia Herrmann
patricia.herrmann@helios-gesundheit.de
Thüringen Mitte
Robert.Pistel@helios-gesundheit.de Chefarzt Priv. Doz. Dr. med. habil. Naumann
gert.naumann@helios-gesundheit.de
Thüringen Mitte
Robert.Pistel@helios-gesundheit.de Helios Personalabteilung Erfurt
Yvonne Kachold ist HR Referentin
Yvonne.Kachold@helios-gesundheit.de
Oder Molenda, Mandy 
Mandy.Molenda@helios-gesundheit.de

wolfgang.neuhofer@helios-gesundheit.de
CA Innere Erfurt
 Chefarzt der 2. Medizinischen Klinik
Herr PD Dr. med. Jens Kittner
Jens.Kittner@helios-gesundheit.de
Thüringen Mitte
Robert.Pistel@helios-gesundheit.de","Herr Chefarzt Dr. med. Jörg Kluge 
joerg.kluge2@helios-gesundheit.de
Thüringen Mitte
Robert.Pistel@helios-gesundheit.de","Chefarzt der Klinik für Gefäß- und endovaskuläre Chirurgie
Herr PD Dr. Hendrik Bergert
hendrik.bergert@]helios-gesundheit.de.","Chefärztin
Frau Dr. med. Simone Liebl-Biereige
simone.liebl-biereige@helios-gesundheit.de"
HELIOS Klinik Gotha Postleitzahl 99867,https://www.helios-gesundheit.de/standorte-angebote/kliniken/gotha/,https://www.helios-gesundheit.de/karriere/standorte/gotha/das-sind-wir/,"Personalleiter Robert Hitzigrath
R.Hitzigrath@eichsfeld-klinikum.de
Dr. med. Michael Unzicker Chefarzt für Innere Medizin II 
kardiologie@eichsfeld-klinikum.de
Dr. med. Lars Reinhardt
gastroenterologie@eichsfeld-klinikum.de
Chefarzt der Klinik für Innere Medizin I
bewerbung@eichsfeld-klinikum.de Helios Meiningen
Chefarzt Herrn Christoph Ehrsam
christoph.ehrsam@helios-gesundheit.de
Personalleiterin
Frau Dagmar Neitzke
dagmar.neitzke@helios-gesundheit.de) Chefarzt
Professor Dr. med. Thomas Mückley
thomas.mueckley@helios-gesundheit.de
Chefarzt Andreas Gräfenstein
andreas.graefenstein@helios-gesundheit.de
Personal Gerd Pahnke
gerd.pahnke@helios-gesundheit.de Leitende Ärztin Frau Anja Rabe
Anja.Rabe@helios-gesundheit.de
Personal Gerd Pahnke
gerd.pahnke@helios-gesundheit.de Chefärzte für Gynäkologie
Herrn MUDr. Roman Vraspir
Roman.Vraspir@helios-gesundheit.de
Personal Gerd Pahnke
gerd.pahnke@helios-gesundheit.de Chefarzt Fachbereich Innere Medizin
Herr Dr. med. Thomas Broska
Thomas.Broska@helios-gesundheit.de  ",,,
HELIOS Klinik Bleicherode Postleitzahl 99752,https://www.helios-gesundheit.de/standorte-angebote/kliniken/bleicherode/,https://www.helios-gesundheit.de/karriere/job-finden/?tx_heliosuwstemplates_jobsearch%5Btitle%5D=arzt&tx_heliosuwstemplates_jobsearch%5Blocation%5D=99752,"Stephan.Matzath@helios-gesundheit.de Dr. medic Albert Bratu
Ärztlicher Direktor
albert.bratu@helios-gesundheit.de
Stephan.Matzath@helios-gesundheit.de     ",,,
Helios Klinik Jena Postleitzahl  07749,https://www.helios-gesundheit.de/ambulant/jena-medizinisches-versorgungszentrum-allgemeinmedizin/,https://www.helios-gesundheit.de/karriere/job-finden/?tx_heliosuwstemplates_jobsearch%5Btitle%5D=arzt&tx_heliosuwstemplates_jobsearch%5Blocation%5D=jena,"Helios MVZ für gesamt Thüringen Praxismanagerin Janine Valley
janine.valley@helios-versorgungszentren.de      ",,,
HELIOS Fachklinik Hildburghausen Postleitzahl 98646,https://www.helios-gesundheit.de/standorte-angebote/kliniken/hildburghausen/,https://www.helios-gesundheit.de/karriere/job-finden/?tx_heliosuwstemplates_jobsearch%5Btitle%5D=arzt&tx_heliosuwstemplates_jobsearch%5Blocation%5D=98646,"Ärztliche Direktor
Herr Dr. Fehler
Silvius.Fehler@helios-gesundheit.de
Personalleiter Herr Leyh
Robert.Leyh@helios-gesundheit.de       ",,,
HELIOS Klinikum Meiningen Postleitzahl 98617,https://www.helios-gesundheit.de/karriere/standorte/meiningen/das-sind-wir/,https://www.helios-gesundheit.de/karriere/job-finden/?tx_heliosuwstemplates_jobsearch%5Baction%5D=geoSearch&tx_heliosuwstemplates_jobsearch%5Bcontroller%5D=Job&tx_heliosuwstemplates_jobsearch%5Blocation%5D=98617&tx_heliosuwstemplates_jobsearch%5Bpage%5D=6&tx_heliosuwstemplates_jobsearch%5Btitle%5D=arzt&cHash=44c0f485db1198b3695bf1ce5008be1d,"Herrn Christoph Ehrsam
Chefarzt
 christoph.ehrsam@helios-gesundheit.de
Frau Dagmar Neitzke
dagmar.neitzke@helios-gesundheit.de  Herrn Matthias Voigt
Matthias.voigt@helios-gesundheit.de
Frau Dagmar Neitzke
dagmar.neitzke@helios-gesundheit.de Chefarzt Gynäkologie und Geburtshilfe
Herrn Maher El Kaissi
maher.elkaissi@helios-gesundheit.de
Frau Dagmar Neitzke
dagmar.neitzke@helios-gesundheit.de Chefarzt der Klinik
Herrn Dr. med. Markus Schlosser (nur mit Approbation.)
markus.schlosser@helios-gesundheit.de
Personalleitung
Frau Patricia Reinhard
patricia.reinhard@helios-gesundheit.de Herr Prof. Dr. med. Rudolf Andreas Kristof
rudolf.kristof@helios-gesundheit.de
Frau Patricia Reinhard
patricia.reinhard@helios-gesundheit.de Chefarzt der Klinik für Gastroenterologie
Herrn PD Dr. med. habil. Michael Hocke
michael.hocke@helios-gesundheit.de
Frau Patricia Reinhard
patricia.reinhard@helios-gesundheit.de ",,,
St. Georg - Klinikum Eisenach,https://www.stgeorgklinikum.de/,https://www.stgeorgklinikum.de/stellenangebote,"jahnecke.marcus@stgeorgklinikum.de
Chefarzt Dr. med. Jahnecke
Personalabteilung
personalabteilung@stgeorgklinikum.de Chefarzt der Klinik für Innere Medizin II
Herr DM Andreas Kirbes
Kirbes.Andreas@stgeorgklinikum.de
Personalabteilung
personalabteilung@stgeorgklinikum.de Chefärztin
Dipl. med. Andrea Lesser
lesser@stgeorgklinikum.de 
Personalabteilung
personalabteilung@stgeorgklinikum.de  Chefärzte Anästhesiologie und Intensivmedizin
Herr Dipl.-Med. Kaiser
kaiser.michael@stgeorgklinikum.de
Herr Dr. Schache
schache.florian@stgeorgklinikum.de
Personalabteilung
personalabteilung@stgeorgklinikum.de Dr. med. Ahmed 
Herr Dipl. Med. Schlichter
Personalabteilung
personalabteilung@stgeorgklinikum.de Chefärztin der Kliniken
Frau Dr. Preiß
preiss@stgeorgklinikum.de
Personalabteilung
personalabteilung@stgeorgklinikum.de ",,,
"Waldkrankenhaus ""Rudolf Elle"" Eisenberg",https://www.waldkliniken-eisenberg.de/,https://recruitingapp-5107.de.umantis.com/Jobs/1?lang=ger,"Oberarzt Herr Dr. Sven Tieme
s.thieme@waldkliniken-eisenberg.de
k.kirilow@waldkliniken-eisenberg.de
bewerbung@waldkliniken-eisenberg.de Chefärzte
Frau Dr. Antje Meixner
A.Meixner@waldkliniken-eisenberg.de
Herr Prof. Dr. Georg Matziolis
G.Matziolis@waldkliniken-eisenberg.de
Geschäftsführerin Polikliniken GmbH
Frau Sabine Thies
s.thies@meine-polikliniken.de
k.kirilow@waldkliniken-eisenberg.de
Personalreferent Karsten Kirilow Chefärzte
Frau Dr. Antje Meixner
A.Meixner@waldkliniken-eisenberg.de
Karsten Kirilow Personalreferent
k.kirilow@waldkliniken-eisenberg.de
bewerbung@waldkliniken-eisenberg.de Chefärztin Frau Dr. Yvonne Böhme
 y.boehme@waldkliniken-eisenberg.de
bewerbung@waldkliniken-eisenberg.de
Sylvia Orlamünder
s.orlamuender@waldkliniken-eisenberg.de Oberarzt Herr Dr. Sven Tieme
s.thieme@waldkliniken-eisenberg.de
k.kirilow@waldkliniken-eisenberg.de
bewerbung@waldkliniken-eisenberg.de  ",,,
"Katholisches Krankenhaus ""St. Johann Nepomuk"" Erfurt",https://www.kkh-erfurt.de/,https://www.kkh-dein-krankenhaus.de/,"Chefarzt Herr Prof. Dr. med. Henning Ebelt
hebelt@kkh-erfurt.de
kardiologie@kkh-erfurt.de
bewerbungen@­kkh-erfurt.de
Caroline Kraft
Personalleiterin Chefärztin Gynäkologie und Geburtshilfe
Frau Dr. med. Ute Mahnert
gyngeb@kkh-erfurt.de
bewerbungen@­kkh-erfurt.de
Caroline Kraft
Personalleiterin Chefarzt der Klinik für Anästhesiologie und Intensivmedizin
Herr PD Dr. med. Tobias Clausen
an-itm@kkh-erfurt.de
bewerbungen@kkh-erfurt.de
Caroline Kraft
Personalleiterin Chefarzt Unfallchirurgie, Orthopädie und Wirbelsäulentherapie
Dr. med. Ivan Marintschev
ivan.marintschev@kkh-erfurt.de
unfallchirurgie@kkh-erfurt.de
bewerbungen@kkh-erfurt.de Chefarzt der Klinik für Psychiatrie,
Psychotherapie und Psychosomatik
Herr Dr. med. Stefan Dammers
ppp-klinik-sekretariat@kkh-erfurt.de
bewerbungen@kkh-erfurt.de  ",,,
SHR- Waldklinikum Gera,https://www.waldklinikumgera.de/,https://www.srh-karriere.de/gesundheit/stellenangebote/719feb44a711af6c4e94bfdac1274aa6/?q=&c=86&ct=&wg=&l=&d=,"Chefarzt der Klinik für Anästhesie und Intensivmedizin
PD Dr. med. habil. Falk A. Gonnert
falk.gonnert@srh.de
Silvia Männel
silvia.maennel@srh.de Personalberaterin Dr. med. Lutz Hempel
Chefarzt Kinder- und Jugendmedizin
lutz.hempel@srh.de
Frau  Ratzer, Myriam-Sophia
myriam-sophia.ratzer@srh.de
Personalberatung
silvia.maennel@srh.de Leitende Oberärztin
Dr. med. Sabine Venth
sabine.venth@srh.de
silvia.maennel@srh.de Personalberaterin Chefärztin
Frau Dr. med. Dagmar Täuscher
dagmar.taeuscher @srh.de
silvia.maennel@srh.de
Personalberaterin Dr. med. Rando Winter
Chefarzt Orthopädie und Endoprothetik
orthopaedie-gera@srh.de
Personalreferent
Frau Ratzer Myriam-Sophia
myriam-sophia.ratzer@srh.de Dr. med. Rando Winter
Chefarzt Orthopädie und Endoprothetik
orthopaedie-gera@srh.de
Personalberatung
silvia.maennel@srh.de Chefärztin
Fachärztin für Psychiatrie und Psychotherapie
Jana Prochnow
Chefarztsekretariat
Jacqueline Schaller
Jacqueline.Schaller@srh.de
Personalreferent
Frau Ratzer Myriam-Sophia
myriam-sophia.ratzer@srh.de",,,
SRH Zentralklinikum Suhl,https://www.zentralklinikum-suhl.de/,https://www.srh-karriere.de/gesundheit/stellenangebote/?id=20&q=&c=&ct=&wg=&w=&p=&l=suhl&d=,"Chefarzt Dipl.-Med. Torsten Vogel
torsten.vogel@srh.de 
Sekreteriat
pia.petersen@srh.de
Personalstelle
denise.ross@srh.de
Denise Roß  Daniela Lippert Personalreferentin
 daniela.lippert@srh.de
Herr CA Dr. Carsten Wurst
carsten.wurst@srh.de  Chefarzt der Klinik, Herr Dr. Anschütz
Sekreteriat susan.lott@srh.de
 Daniela Lippert Personalreferentin
 daniela.lippert@srh.de Dr. med. Olaf Stefanski
olaf.stefanski@srh.de
 Daniela Lippert Personalreferentin
 daniela.lippert@srh.de Herr Sebastian Orellano, Chefarzt
sebastian.orellano@srh.de
denise.ross@srh.de Personalstelle  Komm. Chefarzt Herr Dr. med. Andreas Heer
Sekreteriat andrea.ehrle@srh.de
Personalstelle
Daniela Lippert
daniela.lippert@srh.de Chefärztin Dr. med. Sabine Presser
sabinejeanette.presser@srh.de
Sekreteriat Katrin Michael
katrin.michael@srh.de
denise.ross@srh.de Personalstelle","CÄ Frau Dr. Sabine Presser
sabine-jeanette.presser@srh.de ","Zedlack, Steven Zentralrecruter
Steven.Zedlack@srh.de ",
SRH Krankenhaus Waltershausen- Friedrichroda,https://www.krankenhaus-waltershausen-friedrichroda.de/,https://www.srh-karriere.de/stellenangebote/?id=10&q=&c=&ct=&wg=&w=&p=&l=99894&d=,"Herr Chefarzt Tuppatsch
heiko.tuppatsch@srh.de
Personalreferentin katharina.linsenbarth@srh.de
ist aktuell nicht im Büro
Vertretung Frau Maria Freitag
maria.freitag@srh.de Chefarzt Herr Dr. med. Olaf Schlonski
olaf.schlonski@srh.de
Personalreferentin
katharina.linsenbarth@srh.de Herr Chefarzt Dr. med. Walter Schulte 
walter.schulte@srh.de
Personalreferentin
katharina.linsenbarth@srh.de    ",,,
Henneberg- Kliniken Hildburghausen,https://www.henneberg-kliniken.de/henneberg-klinik-hildburghausen/,https://www.henneberg-kliniken.de/stellenangebote/,"frank.wellmann@regiomed-kliniken.de
Personal Chefarzt der Abteilung für Innere Medizin
Dr. med. Klaus Müller
Sekreteriat
manuela.tresselt@regiomed-kliniken.de Chefarzt der Abteilung für Innere Medizin
Priv.-Doz. Dr. med Adrian Lupescu
Sekreteriat
Michaela.Pfeifer@regiomed-kliniken.de
frank.wellmann@regiomed-kliniken.de
Personal Chefarzt Orthopädie und Unfallchirurgie
Herr Tarek Al Ahmer
Sekreteriat
korinna.mehlich@regiomed-kliniken.de
Personal
frank.wellmann@regiomed-kliniken.de Chefärztin Gastroenterologie
Frau Dr. med. Alexandra Wisser
Sekreteriat
Annette.Mueller@henneberg-kliniken.de Herr Dr. med. Sacha Tertio Wladimir Mann 
Sekreteriat Korinna Mehlich
Korinna.Mehlich@henneberg-kliniken.de
bewerbung@henneberg-kliniken.de Geschäftsführung Andreas Schütz
Sekretärin der GF Anna Pohl
anna.pohl@henneberg-kliniken.de 
bewerbung@henneberg-kliniken.de",,,
Eichsfeld Klinikum,https://eichsfeld-klinikum.de/,https://eichsfeld-klinikum.de/karriere/stellenangebote#aerztlicher-dienst,"Personalleiter Robert Hitzigrath
R.Hitzigrath@eichsfeld-klinikum.de
Dr. med. Michael Unzicker Chefarzt für Innere Medizin II 
kardiologie@eichsfeld-klinikum.de
Dr. med. Lars Reinhardt
gastroenterologie@eichsfeld-klinikum.de
Chefarzt der Klinik für Innere Medizin I
bewerbung@eichsfeld-klinikum.de Personalleiter Robert Hitzigrath
R.Hitzigrath@eichsfeld-klinikum.de
Dr. med. Michael Unzicker Chefarzt für Innere Medizin II 
kardiologie@eichsfeld-klinikum.de
Dr. med. Lars Reinhardt
gastroenterologie@eichsfeld-klinikum.de
Chefarzt der Klinik für Innere Medizin I Frau Gudrun König
Chefärztin der Klinik für Gynäkologie und Geburtshilfe
gynaekologie@eichsfeld-klinikum.de
k.dullovi@eichsfeld-klinikum.de
bewerbung@eichsfeld-klinikum.de
Personalabteilung Recruting Chefarzt für Anästhesie, Intensiv- und Schmerzmedizin 
Dr. med. Oliver Schmid
O.Schmid@eichsfeld-klinikum.de
anaesthesie@eichsfeld-klinikum.de
Personalleiter Robert Hitzigrath
R.Hitzigrath@eichsfeld-klinikum.de Chefarzt Allgemein-, Viszeral- und Gefäß-
chirurgie, Proktologie
Haus Reifenstein
Dr. med. Lutz Pickart
Sekreteriat
chirurgie@eichsfeld-klinikum.de
Personalleiter Robert Hitzigrath
R.Hitzigrath@eichsfeld-klinikum.de  ",,,
St. Elisabeth Krankenhaus Lengenfeld unterm Stein,https://www.kh-lengenfeld.de/,https://www.kh-lengenfeld.de/jobs/,        ,,,
"Geriatrische Fachklinik ""Georgenhaus"" Meiningen",https://www.sozialwerk-meiningen.de/altersmedizin/unsere-einrichtungen/geriatrische-fachklinik-georgenhaus,https://www.beruf-mensch.net/stellenangebote," Chefarzt der Klinik, Herr Dr. Meinhardt
Sekreteriat
arensmeier@diako-online.de  Chefarzt der Klinik, Herr Dr. Meinhardt
Sekreteriat
arensmeier@diako-online.de     ",,,
Ökumenisches Hainich Klinikum Mühlhausen,https://www.oehk.de/karriere/aerztlicher-dienst,https://www.oehk.de/karriere/aktuelle-stellenausschreibungen," Herr Schneider Personal
C.Schneider01@oehk.de Heilbad Heiligenstadt
Chefärztin
Dr. med. Katharina Schoett
k.schoett@oehk.de
""Herr Schneider Personal
C.Schneider01@oehk.de     ",,,
Ökumenisches Tagesklinik Bad Langensalza,https://www.oehk.de/karriere/aerztlicher-dienst,https://www.oehk.de/karriere/aktuelle-stellenausschreibungen,      ,,,
Evanglisches Fachkrankenhaus für Atemwegserkrankungen Neustadt,https://doceins.de/neustadt/,https://doceins.de/neustadt/karriereportal/#stellenangebote-aerztlicher-dienst,"Mit Kennziffer schicken
Frau Dr. med. Kathrin Conrad Chefärztin Innere Med./Pneumologie
kathrin.conrad@doceins.de
geschaeftsfuehrung.lkn@doceins.de       ",,,
Südharz- Klinikum in Nordhausen,https://www.shk-ndh.de/index.php,https://www.shk-ndh.de/jobs/jobs_kurz.php,"Personalleiterin Anne Funk
anne.funk@shk-ndh.de
personal@shk-ndh.de  Oberarzt Dr. Sören Linsel
personal@shk-ndh.de Dr. med. Markus Köhler
FA für Allgemeinmedizin
markus.koehler@mvz-ndh.de    ",,,
Kreiskrankenhaus Ronneburg,https://www.krankenhaus-ronneburg.de/,https://www.krankenhaus-ronneburg.de/stellenangebote,"s.kairies@hospital-greiz.de Frau Kairies Personal Chefarzt Dipl. med. A. Brühl
bruehl@krankenhaus-ronneburg.de
Chefarzt Dr. med. Peter Gottschalk
p.gottschalk@hospital-greiz.de
Frau Kairies
s.kairies@hospital-greiz.de     ",,,
Kreiskrankenhaus Greiz,https://www.kreiskrankenhaus-greiz.de/,https://www.kreiskrankenhaus-greiz.de/beruf-und-karriere/stellenangebote,"Chefarzt Dr. med. Peter Gottschalk
p.gottschalk@hospital-greiz.de
Frau Silke Kairies
s.kairies@hospital-greiz.de Chefarzt Anästhesie Dr. med. S. Volkert
s.volkert@hospital-greiz.de
Chefarzt Mike Philipp 
m.philipp@hospital-greiz.de
Frau Silke Kairies
s.kairies@hospital-greiz.de Chefarzt Unfallchirurgie, Orthopädie und Wirbelsäulentherapie
Dr. med. Ivan Marintschev
ivan.marintschev@kkh-erfurt.de
unfallchirurgie@kkh-erfurt.de
bewerbungen@kkh-erfurt.de Chefarzt Dr. med. Mario Dietzel
Klinik für Orthopädie und Unfallchirurgie
m.dietzel@hospital-greiz.de
Frau Silke Kairies
s.kairies@hospital-greiz.de Chefarzt Dr. med. Saeid Panahi Khezri
Radiologie und Neuroradiologie
s.panahi-khezri@hospital-greiz.de
Frau Silke Kairies
s.kairies@hospital-greiz.de Chefarzt Dr. med. Jürgen Heyne
Klinik für Allgemeine, Gefäß- und Viszeralchirurgie
j.heyne@hospital-greiz.de
Frau Silke Kairies
s.kairies@hospital-greiz.de ",,,
MVZ Poliklinik Greiz GmbH Standort Weida,https://www.gesundheitszentrum-greiz.de/,https://www.gesundheitszentrum-greiz.de/karriere/stellenangebote-mvz,      ,,,
"Thüringen- Kliniken ""Georgius Agricola"" Saalfeld, Rudolstadt,
Pößneck, Bad Lobenstein",https://www.thueringen-kliniken.de/start,https://thueringen-kliniken.career.softgarden.de/#jobs%3Acategory%253D%255B%2522%25C3%2584rzte%2522%255D,"Herr Chefarzt Dr. med. Thomas Sobanski
psychiatrie@thueringen-kliniken.de Chefarzt Herr Dr. Ruzicka
innere_ru@thueringen-kliniken.de
Herr Chefarzt Jens Nowatschin
Annett Unger
aunger@thueringen-kliniken.de
bewerbungen@thueringen-kliniken.de Herr Chefarzt Prof. Dr. med. habil. Peter C. Konturek
Annett Unger
aunger@thueringen-kliniken.de
bewerbungen@thueringen-kliniken.de  innere_RU@thueringen-kliniken.de Dr. Huck CA Innere Herr Chefarzt Dr. med. Ralph Giese Dr. med. Robert Kästner
Chefarzt
Grit Pyschik
Chefarztsekretärin
gpyschik@thueringen-kliniken.de
Personalrecruiting Hess, Sarah
sarhess@thueringen-kliniken.de Herr Chefarzt Dr. med. Thomas Sobanski
psychiatrie@thueringen-kliniken.de",,,
Elisabeth- Krankenhaus Schmalkalden,https://www.elisabeth-klinikum.de/#,https://kwschmal.pi-asp.de/bewerber-web/?companyEid=009&tenant=&lang=D&position_cats=397e4d52-d70f-4764-a1c2-45add480690d#positions,"
personalabteilung@elisabeth-klinikum.de Facharzt für Innere Medizin und Kardiologie
Chefarzt Alaeldin Addas
Alaeldin.Addas@elisabeth-klinikum.de
kardiologie@elisabeth-klinikum.de
personalabteilung@elisabeth-klinikum.de Chefarzt Facharzt für Innere Medizin und Gastroenterologie
Dr. med. Ronni Veitt
ronni.veitt@elisabeth-klinikum.de
personalabteilung@elisabeth-klinikum.de Chefarzt Dr. med. Colin Uhle
Sekretariat Brigitte Schleicher
chirurgie@elisabeth-klinikum.de
personalabteilung@elisabeth-klinikum.de   ",,,
MEDINOS Kliniken des Landkreises Sonneberg,https://www.medinos-kliniken.de/klinikum-sonneberg/,https://www.medinos-kliniken.de/karriere/,"karriere@medinos-kliniken.de Frau Stefanie Edelmann
CA Innere Medizin Angiologie/Kardiologie/Diabetolo
stefanie.edelmann@regiomed-kliniken.de
karriere@medinos-kliniken.de     ",,,
ASKLEPIOS Fachklinikum Stadtroda,https://www.medinos-kliniken.de/,https://www.asklepios.com/stadtroda/unternehmen/bewerber/stellenangebote/,"nur an Diana Müller schicken HR Managerin mailto:d.mueller@asklepios.com
nur mit Approbation
Herr Dr. med. Martin Schumm
m.schumm@asklepios.com
personal.stadtroda@asklepios.com Herr Dr. med. Uwe Wutzler
Chefarzt Psychosomatische Medizin und Psychotherapie
 u.wutzler@asklepios.com
personal.stadtroda@asklepios.com     ",,,
"Klinik an der Weißenburg, Uhlstädt- Kirchhasel",https://www.klinik-weissenburg.de/,https://www.klinik-weissenburg.de/karriere,"Dr. med. Sylke Schneider
Chefärztin Rheumazentrum
sylke.schneider@klinik-weissenburg.de
personal@klinik-weissenburg.de       ",,,
KMG Klinikum Sömmerda,https://kmg-kliniken.de/kmg-klinikum-soemmerda,https://kmg-kliniken.de/karriere/stellenangebote?searchField=arzt,"Chefärztin Geriatrie
Dr. med. Ina Sillenberg
i.sillenberg@kmg-kliniken.de
Sekreteriat
e.mueller@kmg-kliniken.de
Personalreferentin
Frau  Daniela Hempel
d.hempel@kmg-kliniken.de       ",,,
Mediclin Klinik am Rennsteig,https://www.klinik-am-rennsteig.de/,https://www.mediclin-karriere.de/klinik-am-rennsteig/?cat=aerztlicher-dienst&clinic=mediclin-klinik-am-rennsteig&radius=200&cHash=8c8c13c680ffdceca09392f262ed55a7,"Chefärztin der Klinik für Orthopädie, Frau K. Arndt 
Andrea Schleicher Personalwesen/Recruiting
Bewerbung.BadTabarz@mediclin.de       ",,,
Inselbergklinik Bad Tabarz,https://www.inselsberg-klinik.de/,https://karriere.wicker-gup.de/stellenangebote/alle-stellen-des-verbundes/,       ,,,
"DRK Krankenhäuser Bad Frankenhausen
(Sondershausen und Sommerda)",geschlossen, ,        ,,,
Kreiskrankenhaus Schleiz geschlossen,geschlossen,,       ,,,
,, ,       ,,,
,, ,      ,,,
,, ,      ,,,
,, ,      ,,,
,, ,      ,,,
,, ,      ,,,
,, ,      ,,,
,, ,      ,,,
,, ,      ,,,
,, ,      ,,,
,, ,      ,,,
,, ,      ,,,
,, ,      ,,,
,, ,      ,,,
,,,      ,,,
,,,      ,,,
,,,      ,,,
,,,      ,,,
,,,      ,,,
,,,      ,,,
,,,      ,,,
,,,      ,,,
,,,      ,,,
,,,      ,,,
,,,      ,,,
,,,      ,,,
,,,      ,,,
,,,      ,,,
,,,      ,,,
,,,      ,,,
,,,      ,,,
,,,      ,,,