Klinik name,klinik website,Stellenlink,Kontak
Klinikum Chemnitz,https://www.klinikumchemnitz.de/, https://karriere.skc.de/LC/5/2046671297/OBS/UebersichtBenutzerdefiniert?wss_1=esGrid_ObsUebersicht&wss_1_anzahl=10&wss_1_sort=desc---Stellenbeschreibung%20Ver%C3%B6ffentlichung%20extern%20ab&wss_1_ext-Stellenbeschreibung%20Berufsfeld=%C3%84rztlicher%20Dienst&wss_1_ext-BM_Unternehmen=Klinikum%20Chemnitz%20gGmbH,       
DRK-Krankenhaus Chemnitz-Rabenstein,https://rab.drk-khs.de/,https://drk-khs.de/job/?page=2,"Chefarzt der Klinik für Anästhesie und Intensivmedizin
Dr. med. Christopher Uhlig
Uhlig.christopher@drk-khs.de
anaesthesie.li@drk-khs.de
bewerbung.rab@drk-khs.de Chefärztin Kinder- und Jugendmedizin
Dipl.-Med. Monika Hofmann
hofmann.monika@drk-khs.de
kinderklinik.rab@drk-khs.de
bewerbung.rab@drk-khs.de Chefarzt Unfallchirurgie und Orthopädie
Dr. med. Ulrich Lindenberg
unfallchirurgie.li@drk-khs.de
bewerbung.rab@drk-khs.de Chefarzt Anästhesie und Intensivmedizin
Dr. med. Frank Fröhlich
anaesthesie.rab@drk-khs.de
bewerbung.rab@drk-khs.de    "
DRK Krankenhaus Lichtenstein,https://li.drk-khs.de/,https://drk-khs.de/job/?page=2,"Dipl.-Med. Monika Hofmann
hofmann.monika@drk-khs.de
bewerbung.rab@drk-khs.de Initiativ bewerben
bewerbung.li@drk-khs.de
bewerbung.rab@drk-khs.de Chefarzt Dr. med. Robert Schwabe
innereklinik.li@drk-khs.de
bewerbung.rab@drk-khs.de     "
Zeisigwaldkliniken Bethanien Chemnitz,https://www.bethanien-chemnitz.de/home,https://www.amd-karriere.de/einstieg/aerztlicher-dienst/assistenzaerzte,"Personalwesen Frau Bangel
Leanne.Bangel@ediacon.de
inneremedizin@bethanien-sachsen.de Personalwesen Frau Nieher
sabrina.nieher@ediacon.de
Frau Nieher momentan nicht im Dienst-
Vertretung Frau Leanne Bangel 
leanne.bangel@ediacon.de
Chefarzt Dr. med. A. Ohse
inneremedizin@bethanien-sachsen.de Chefarzt Herrn Dr. med. Hagen Rudolph
hagen.rudolph@ediacon.de
CA Allgemein- und Viszeralchirurgie
Vertretung Frau Leanne Bangel 
leanne.bangel@ediacon.de Chefarzt Dr. Albrecht Ohse 
albrecht.ohse@ediacon.de
Elvira Giesow Sekretariat Innere Medizin 
inneremedizin@bethanien-sachsen.de       
Frau Nieher momentan nicht im Dienst-
Vertretung Frau Leanne Bangel 
leanne.bangel@ediacon.de    "
Agaplesion Chemnitz,https://www.agaplesion-bethanien-chemnitz.de/,https://www.amd-karriere.de/jobs,       
Fachkrankenhaus Bethanien Hochweitzschen,https://www.bethanien-hochweitzschen.de/,Jobs für Assistenzärzte (m/w/d) (amd-karriere.de),hagen.rudolph@ediacon.de CA Allg.u.Gefäßch.       
Krankenhaus Bethanien Plauen,https://www.bethanien-plauen.de/,https://www.amd-karriere.de/einstieg/aerztlicher-dienst/assistenzaerzte,"Personalwesen Frau Bangel
Leanne.Bangel@ediacon.de
inneremedizin@bethanien-sachsen.de       "
Erzgebirgsklinikum gGmbH - Haus Annaberg,https://www.erzgebirgsklinikum.de/,Ärztlicher Dienst | Erzgebirgsklinikum,"Chefarzt Kinder- und Jugendmedizin
Dr. med. Ulf Meyer
ulf.meyer@erzgebirgsklinikum.de
bewerbung@erzgebirgsklinikum.de n.frost@erzgebirgsklinikum.de Personalstelle Chefärztin Dr. med. Elke Möbius
Sekretari
kim2.stl@erzgebirgsklinikum.de     "
Erzgebirgsklinikum gGmbH - Haus Zschopau,Ärztlicher Dienst | Erzgebirgsklinikum,Ärztlicher Dienst | Erzgebirgsklinikum,       
Erzgebirgsklinikum gGmbH - Haus Stollberg,Ärztlicher Dienst | Erzgebirgsklinikum,Ärztlicher Dienst | Erzgebirgsklinikum,"Dr. med. Glänzel
Chefarzt der Klinik für Innere Medizin I
 kim1.stl@erzgebirgsklinikum.de
Personalleitung Sachgebietsleitung Personalentwick
Frau Janette Nowack
janette.nowack@erzgebirgsklinikum.de       "
Erzgebirgsklinikum gGmbH - Haus Olbernhau,Ärztlicher Dienst | Erzgebirgsklinikum,https://www.erzgebirgsklinikum.de/ausbildung-karriere/stellenangebote/aerztlicher-dienst/#c4168,"Dr. med. Wallroth
Chefarzt  Orthopädie und Unfallchirurgie
karsten.wallroth@erzgebirgsklinikum.de
Personalabteilung
bewerbung@erzgebirgsklinikum.de Dr. med. Ulf Meyer
Chefarzt Kinder- und Jugendmedizin
ulf.meyer@erzgebirgsklinikum.de
Personalabteilung
bewerbung@erzgebirgsklinikum.de Herr Dr. med Volkmar Hempel
Chefarzt für Innere Medizin
kim.zp@erzgebirgsklinikum.de
Personalabteilung
bewerbung@erzgebirgsklinikum.de     "
Kliniken Erlabrunn,https://www.erlabrunn.de/,https://www.erlabrunn.de/karriere-und-ausbildung/stellenangebote,"Herr Dr. med. Ulf Degenkolb 
Chefarztsekretariat 
Kristin Koß
orthopaedie@erlabrunn.de
personal@erlabrunn.de Herr Dr. med. Martin Roth
m.roth@erlabrunn.de
intensivmedizin@erlabrunn.de
personal@erlabrunn.de Chefarzt Psychosomatische Medizin und Psychotherapie
Herr MUDr. Michal Smalo
m.smalo@erlabrunn.de
Chefarztsekretariat Rita Melcher
chirurgie@erlabrunn.de
Personalleiterin Frau Katja Rummrich 
k.rummrich@erlabrunn.de     "
Kreiskrankenhaus Freiberg,https://www.kkh-freiberg.com/karriere/stellenangebote/,https://www.kkh-freiberg.com/karriere/stellenangebote/,"Herr Dr. Martin Walz
Chefarzt für Innere Medizin
martin.walz@kkh-freiberg.de
katja.uhle@vge-mittelsachsen.de Personal Herr Chefarzt Dr. Christoph Uhrlau
christoph.uhrlau@kkh-freiberg.de
Chefarzt für Anästhesiologie und Intensivmedizin
Personal
katja.uhle@vge-mittelsachsen.de chirurgie@kkh-freiberg.de
Dr. Meisel CA Allg und Viszeralch. Chefarzt Dr. med. Peik Mutze
Facharzt für Orthopädie und Unfallchirurgie
peik.mutze@kkh-freiberg.de
Personal
katja.uhle@vge-mittelsachsen.de    "
Landkreis Mittweida Krankenhaus,https://www.lmkgmbh.de/,https://www.lmkgmbh.de/karriere/jobboerse/jobs-im-klinikum-mittweida/aerztlicher-dienst,"Info:
Sehr geehrter Herr Fischer,
für die Allgemeinmedizin wünschen
wir uns förderfähige Kandidaten.
 Förderfähig sind nur Ärzte mit
deutscher Approbation
(Berufserlaubnis ist nicht ausreichend).
Herzlichen Gruß
Prof. Dr. Schickel Chefarzt der Abteilung
Herr Prof. Dr. med. Stephan Schickel
stephan.schickel@lmkgmbh.de
innere@lmkgmbh.de
Personalsachbearbeitung
Frau  Anne Glöckner
anne.gloeckner@lmkgmbh.de
personal@lmkgmbh.de Chefarzt der Abteilung,
Herr PD Dr. med. habil. Wolfgang Heinke
wolfgang.heinke@lmkgmbh.de
anaesthesie@lmkgmbh.de
personal@lmkgmbh.de     "
Klinik am Tharandter Wald,Jobs  | Klinik am Tharandter Wald - Hetzdorf (reha-hetzdorf.de),https://www.reha-hetzdorf.de/jobs/,"personal@reha-hetzdorf.de Leitender Chefarzt / Chefarzt Neurologie
Herr Dr. med. P. Themann
themann@reha-hetzdorf.de
Sekreteriat
ca-sek@reha-hetzdorf.de
Leiterin Personalabteilung: Ines Meyer
personal@reha-hetzdorf.de      "
HELIOS Klinikum Aue Postleitzahl 08280,https://www.helios-gesundheit.de/standorte-angebote/kliniken/aue/,Unsere Stellenangebote (helios-gesundheit.de),"ChefarztInnere Medizin I
Herr Dr. med. Thomas Ketteler
thomas.ketteler@helios-gesundheit.de
Frau Susann Blechschmidt
susann.blechschmidt@helios-gesundheit.de Herr Priv.-Doz. Dr. med. habil. Jan Wallenborn
jan.wallenborn@helios-gesundheit.de
Frau Susann Blechschmidt
susann.blechschmidt@helios-gesundheit.de Evgeniy Romanov
Chefarzt Klinik für Seelische Gesundheit
Evgeniy.Romanov@helios-gesundheit.de
susann.blechschmidt@helios-gesundheit.de     "
HELIOS Klinik Leisnig Postleitzahl 04703,https://www.helios-gesundheit.de/standorte-angebote/kliniken/leisnig/,https://www.helios-gesundheit.de/karriere/job-finden/?tx_heliosuwstemplates_jobsearch%5Btitle%5D=arzt&tx_heliosuwstemplates_jobsearch%5Blocation%5D=04289,"Chefarzt  Anästhesie
Dr. med. Jan-Jakob Meyer
jan-jakob.meyer@helios-gesundheit.de
Personalleitung Heidi Jung
heidi.jung@helios-gesundheit.de       "
HELIOS Park-Klinikum Leipzig Postleitzahl 04289,https://www.helios-gesundheit.de/standorte-angebote/kliniken/leipzig/,https://www.helios-gesundheit.de/karriere/job-finden/?tx_heliosuwstemplates_jobsearch%5Btitle%5D=arzt&tx_heliosuwstemplates_jobsearch%5Blocation%5D=04289,"Herr Sebastian Burkhardt (Teamleiter Recruiting)
Karriere.RegionLeipzig@helios-gesundheit.de Herr Dr. med. Herbert Kiefer
herbert.kiefer@helios-gesundheit.de
Chefarzt der Klinik für Anästhesiologie
bewerbung.parkklinikum@helios-gesundheit.de      "
HELIOS Vogtland-Klinikum Plauen Postleitzahl 08529,https://www.helios-gesundheit.de/standorte-angebote/kliniken/plauen/,https://www.helios-gesundheit.de/karriere/job-finden/?tx_heliosuwstemplates_jobsearch%5Btitle%5D=arzt&tx_heliosuwstemplates_jobsearch%5Blocation%5D=08529,Emails nur an Personalreferenten senden  bewerbungen.plauen@helios-gesundheit.de Philipp.Baumann@helios-gesundheit.de     
HELIOS Weißeritztal-Freiberg-KlinikenPostleitzahl 01705,https://www.helios-gesundheit.de/standorte-angebote/kliniken/weisseritztal/,https://www.helios-gesundheit.de/karriere/job-finden/?tx_heliosuwstemplates_jobsearch%5btitle%5d=&tx_heliosuwstemplates_jobsearch%5blocation%5d=01705&tx_heliosuwstemplates_jobsearch%5bcategory%5d=,"Helios Freital
Sekretärin des Zentrums für Innere Medizin
Frau Maja Flämig
maja.flaemig@helios-gesundheit.de
personal.weisseritztal@helios-gesundheit.de       "
HELIOS Klinikum Pirna Postleitzahl 01796,https://www.helios-gesundheit.de/standorte-angebote/kliniken/pirna/,https://www.helios-gesundheit.de/karriere/job-finden/?tx_heliosuwstemplates_jobsearch%5btitle%5d=&tx_heliosuwstemplates_jobsearch%5blocation%5d=01796&tx_heliosuwstemplates_jobsearch%5bcategory%5d=,"Herrn Prof. Dr. med. Steffen Schön
Chefarzt der Klinik für Innere Medizin II
steffen.schoen@helios-gesundheit.de
kontakt.pirna@helios-gesundheit.de Helios Freital
Sekretärin des Zentrums für Innere Medizin
Frau Maja Flämig
maja.flaemig@helios-gesundheit.de
personal.weisseritztal@helios-gesundheit.de anka.baldauf-twelker@helios-gesundheit.de
CA Urologie Frau Anna-Magdalena Brosch 
Oberärztin Klinik für Innere Medizin I
Anna-Magdalena.Brosch@helios-gesundheit.de. Dr. Carolin Höhlig, Chefärztin
carolin.hoehlig@helios-gesundheit.de   "
Herzzentrum Leipzig,https://www.helios-gesundheit.de/karriere/standorte/leipzig/das-sind-wir/herzzentrum/,https://www.helios-gesundheit.de/karriere/job-finden/?tx_heliosuwstemplates_jobsearch%5Baction%5D=geoSearch&tx_heliosuwstemplates_jobsearch%5Bcontroller%5D=Job&tx_heliosuwstemplates_jobsearch%5Blocation%5D=04289&tx_heliosuwstemplates_jobsearch%5Bpage%5D=1&tx_heliosuwstemplates_jobsearch%5Btitle%5D=arzt&cHash=8f3f179d34a42431b7145e59698c5861,bewerbung.parkklinikum[at]helios-gesundheit.de       
Klinikum Döbeln,https://www.klinikum-doebeln.de/, https://klinikum-doebeln.de/karriere/stellenangebote/,petra.hoffmann@klinikum-doebeln.de       
Klinikum Obergöltzsch Rodewisch,https://www.klinikum-obergoeltzsch.de/,"Aktuelle Stellenangebote - Klinikum Obergöltzsch Rodewisch, Vogtlandkreis (klinikum-obergoeltzsch.de)","Chefärztin Grazyna Adamiak-Brych
Klinik für Kinder- und Jugendmedizin
g.brych@klinikum-obergoeltzsch.de
personalabteilung@klinikum-obergoeltzsch.de personalabteilung@klinikum-obergoeltzsch.de  a.seidel@klinikum-obergoeltzsch.de
Herr Seidel CA Innere Medizin Dr. Wolfgang Liskowsky
Chefarzt der Klinik
wolfgang.liskowsky@skhro.sms.sachsen.de
personalabteilung@klinikum-obergoeltzsch.de  Herr Prof. Dr. med. habil. C. Christoph Schultz
Ärztlicher Direktor und Chefarzt der Klinik
christoph.schultz@skhro.sms.sachsen.de
Personalleiter Peter Geipel
Personalabteilung@skhro.sms.sachsen.de   "
Sächsisches Krankenhaus Rodewisch,https://www.skh-rodewisch.sachsen.de/startseite/,Ärztlicher Dienst und Psychologen | Sächsisches Krankenhaus Rodewisch (sachsen.de),"Herr Prof. Dr. med. habil. C. Christoph Schultz
Ärztlicher Direktor und Chefarzt der Klinik
christoph.schultz@skhro.sms.sachsen.de
Personalabteilung@skhro.sms.sachsen.de       "
Paracelsus Klinik Sachsen - Adorf/Schöneck,https://www.paracelsus-kliniken.de/akut/schoeneck/,https://jobs.pkd.de/#jobs%3Alocation%253D%255B%2522Sachsen%2522%255D%26category%253D%255B%2522%25C3%2584rztlicher%2520Dienst%2522%255D,"Herrn Dr. Dieter Haugk
dieter.haugk@pkd.de
jenny.bittner@pkd.de Recruiterin  Martin Ebert
martin.ebert@pkd.de Leitender Arzt Herr Mounir Mgannem
mounir.mgannem@pkd.de     "
MediClin Klinik am Brunnenberg 08645,https://www.klinik-am-brunnenberg.de/,https://www.mediclin-karriere.de/klinik-am-brunnenberg/,       
MediClin MVZ Leipzig,https://www.leipzig-mvz.de/,https://www.mediclin-karriere.de/medizinische-versorgungszentren-uebersicht/?clinic=mediclin-mvz-leipzig&radius=200&cHash=f701a7e900ff986fed2888c692d4779f,       
Heinrich-Braun-Klinikum,https://www.heinrich-braun-klinikum.de/,https://www.heinrich-braun-klinikum.de/stellenangebote.php,"Chefärztin Dr. med. Conny Huster
kind@hbk-zwickau.de
bewerbungen@hbk-zwickau.de Chefarzt Dr. med. Uwe Leibiger
uwe.leibiger@pkd.de
wintensiv@zwickau.de
bewerbungen@hbk-zwickau.de Chefarzt Innere Medizin I
Herr Priv.-Doz. Dr. med. Holger Sigusch
Holger.Sigusch@hbk-zwickau.de
ime1@hbk-zwickau.de
bewerbungen@hbk-zwickau.de Chefarzt Innere Medizin III
Herr Dr. med. Lars-Olof Mügge
ime3@hbk-zwickau.de
bewerbungen@hbk-zwickau.de Chefarzt Innere Medizin V
Chefarzt Dr. med. Reinhold Müller
ime5@hbk-zwickau.de
bewerbungen@hbk-zwickau.de Chefärztin der Klinik für Innere Medizin
Geriatrie, Frau Tatyana Baron
Tatyana.Baron@hbk-zwickau.de
ime3@hbk-zwickau.de
bewerbungen@hbk-zwickau.de Chefarzt Klinik für Psychiatrie/Psychotherapie
Herr Dr. med. Dr. rer. nat. Horst Koch
psyc@hbk-zwickau.de
bewerbungen@hbk-zwickau.de Chefarzt 
Prof. Dr. med. Bernhard Karich
bernhard.karich@hbk-zwickau.de
bewerbungen@hbk-zwickau.de
Sekreteriat Kerstin Bauer
unfc@hbk-zwickau.de"
Rudolf Virchow Klinikum Glauchau,https://www.klinikum-glauchau.de/,https://www.klinikum-glauchau.de/ausbildung-karriere/,"kathleen.geyer@klinikum-glauchau.de
Personalreferentin
innere@klinikum-glauchau.de
Chefarzt Dr. med. Uwe Beyreuther Dr. med. Carsten Kretzschmar
Chefarzt Chirugie
chirurgie@klinikum-glauchau.de
kathleen.geyer@klinikum-glauchau.de
Personalreferentin      "
Pleißental-Klinik,https://www.pleissental-klinik.de/,https://www.pleissental-klinik.de/karriere/aerztlicher-dienst/222-aerztlicher-dienst,"personal@pleissental-klinik.de
Mario Digmayer Chefarzt Orthopädie- und Unfallchirurgie
Dr. med. Uwe Butzke 
Sekreteriat 
sek.chirurgie@pleissental-klinik.de
personal@pleissental-klinik.de
Mario Digmayer""      "
Universitätsklinikum Carl Gustav Carus an der TU Dresden,https://www.uniklinikum-dresden.de/de,https://www.uniklinikum-dresden.de/de/jobs-und-karriere/stellenangebote,       
Städtisches Klinikum Dresden,https://www.klinikum-dresden.de/,https://mein.klinikum-dresden.de/beruf-karriere/arbeiten-im-klinikum/karriere/stellenangebote,"Prof. Dr. med. Burkhard Jabs
burkhard.jabs@klinikum-dresden.de
Christin Hausch Ressort Personal
bewerbung@klinikum-dresden.de       "
Herzzentrum Dresden,https://www.sana.de/herzzentrum-dresden/karriere/, https://www.sana.de/herzzentrum-dresden/karriere/," Direktor Univ.-Prof. Dr. Jens Faßl
hzd-kardioanaesthesie@herzzentrum-dresden.com       "
Diakonissenkrankenhaus Dresden,https://www.diako-dresden.de/diakonissen-krankenhaus/,https://www.diako-dresden.de/informationsseiten/aktuelles/jobs-karriere/stellenanzeigen/,Steffi.Hannusch@diako-niesky.de Personalreferentin       
Diakonissenkrankenhaus Krankenhaus Emmaus Niesky,https://www.diako-dresden.de/medizinische-versorgung/krankenhaus-emmaus-niesky/,https://www.diako-dresden.de/informationsseiten/aktuelles/jobs-karriere/stellenanzeigen/," Chefarzt Chirurgie Nils Walther
nils.walther@diako-niesky.de
Personalwirtschaft Stefanie Tzschopp
personalwirtschaft@diako-dresden.de""      "
St.-Marien-Krankenhaus Dresden,https://www.mkh-dresden.de/,https://jobs.caritas-dicvdresden.de/stellenangebote.html?filter%5bclient_id%5d=2,"Chefarzt der Neurologischen Klinik
Herr Dr. Wolfgang Meister
W.Meister@mkh-dresden.de
Neurologie@mkh-dresden.de
Personal@mkh-dresden.de       "
Krankenhaus Bautzen,https://www.oberlausitz-kliniken.de/kliniken-bereiche/krankenhaus-bautzen/,https://www.oberlausitz-kliniken.de/studium-beruf-karriere-jobs/stellenangebote/,"ChefärztinKlinik Frau Dr. med. Wilma Aron
wilma.aron@oberlausitz-kliniken.de
bewerbungen@oberlausitz-kliniken.de Chefärzte Kliniken Bautzen
Frau Dr. med. Katrin Fritzsche
Katrin.Fritzsche@Oberlausitz-Kliniken.de
Standort Bischofswerda
Frau Dr. med. Dagmar Engemann
bewerbungen@oberlausitz-kliniken.de Chefarzt der Klinik, Dr. med. Ulf Winkler
ulf.winkler@oberlausitz-kliniken.de
bewerbungen@oberlausitz-kliniken.de     "
Krankenhaus Bischofswerda,https://www.oberlausitz-kliniken.de/kliniken-bereiche/krankenhaus-bischofswerda/,https://www.oberlausitz-kliniken.de/studium-beruf-karriere-jobs/stellenangebote/,"ChefärztinKlinik Frau Dr. med. Wilma Aron
wilma.aron@oberlausitz-kliniken.de
bewerbungen@oberlausitz-kliniken.de       "
ASKLEPIOS-ASB Klinik Radeberg,https://www.asklepios.com/radeberg/,https://www.asklepios.com/radeberg/unternehmen/bewerber/stellenangebote/,"m.goevercin@asklepios.com CHefarzt Geriatrie Herr Dr. med. Markus Eller
m.eller@asklepios.com
personal.sachsen@asklepios.com      "
Asklepios Fachklinikum Wiesen,https://www.asklepios.com/wiesen/,https://www.asklepios.com/wiesen/unternehmen/bewerber/stellenangebote/,"Geschäftsführung Herr Ringo Schauer
r.schauer@asklepios.com         "
Sächsisches Krankenhaus Arnsdorf,Startseite | Sächsisches Krankenhaus Arnsdorf (sachsen.de),https://www.skh-arnsdorf.sachsen.de/beruf-karriere/stellenangebote/aerztliches-personal/,       
St. Johannes Krankenhaus Kamenz,https://johannes-kamenz.de/karriere/,https://jobs.johannes-kamenz.de/de/?cf%5B%5D=1089&searchterm=&1#custom_filter_container,"Jörg Budich Personalentwicklung
j.budich@carolus-goerlitz.de Oberarzt, Facharzt für Innere Medizin
Dr. med. M. Eckert
Sekreteriat S. Guder
s.guder@johannes-kamenz.de      "
St. Carolus Krankenhaus Görlitz,https://carolus-goerlitz.de/,https://jobs.carolus-goerlitz.de/de/?cf%5B%5D=1089&searchterm=&1#custom_filter_container,Bewerbungen nur übers Jobportal senden j.budich@carolus-goerlitz.de Personalabteilung      
Fachkrankenhaus für Neurologie Epilepsiezentrum Kleinwachau gGmbH,https://www.kleinwachau.de/,https://www.kleinwachau.de/jobs,"m.huendorf@kleinwachau.de Personalsachbearbeiterin Dr. Thomas Mayer Chefarztt
t.mayer@kleinwachau.de
Anna John Recruiting und Bewerbermanagement
bewerbung@kleinwachau.de      "
VAMED Klinik Schloss Pulsnitz,https://www.vamed-gesundheit.de/reha/schloss-pulsnitz/,https://www.vamed-gesundheit.de/reha/schloss-pulsnitz/unsere-klinik/karriere/stellenangebote/?tx_heliosuwsjoboffers_joboffers%5Bclinic%5D=122&tx_heliosuwsjoboffers_joboffers%5Bareas%5D=1&tx_heliosuwsjoboffers_joboffers%5Bsearch%5D=,heike.rentsch@vamed-gesundheit.de Personalleiterin anke.mueller@vamed-gesundheit.de Personal bewerbung-pulsnitz(at)vamed-gesundheit.de     
Städtisches Klinikum Görlitz,https://www.klinikum-goerlitz.de/,https://www.klinikum-goerlitz.de/karriere-ausbildung/offene-stellen/,"Chefärztin dr. med. Katalin Müller 
kinderklinik@klinikum-goerlitz.de
bewerbungen@klinikum-goerlitz.de Prof. Dr. med. Stefan Zeller
Chefarzt
geriatrie@klinikum-goerlitz.de
bewerbungen@klinikum-goerlitz.de PD Dr. med. habil. Christian Pflücke 
medklinik@klinikum-goerlitz.de
bewerbungen@klinikum-goerlitz.de

Da wir zuletzt mehrere approbierte Ärzte eingestellt 
haben, besteht bei uns erstmal kein Bedarf an Ärzten 
niedrige..r Ausbildungsstufe. 
Datum: 28.04.2025     "
Klinikum Oberlausitzer Bergland,https://klinikum-oberlausitzer-bergland.de/beruf-karriere/stellenangebote,https://klinikum-oberlausitzer-bergland.de/beruf-karriere/stellenangebote,"Herr Hempel Personalabteilung
personal@mg-lg.de       "
Sächsisches Krankenhaus Großschweidnitz,https://www.skh-grossschweidnitz.sachsen.de/startseite/,https://www.skh-grossschweidnitz.sachsen.de/beruf-karriere/aktuelle-stellenangebote/aerztlicher-dienst/,"bewerbung@skhgr.sms.sachsen.de Chefärztin Klinik für Psychiatrie/Psychotherapie
Frau Dr. med. Farhat
Loretta.Farhat@skhgr.sms.sachsen.de Klinik für Kinder- und Jugendpsychiatrie/Psychotherapie,
Frau Dr. med. Hartmann
Anja.Hartmann@skhgr.sms.sachsen.de
Frau  Ulrike Paul
ulrike.paul@skhrr.sms.sachsen.de     "
Fachklinik für Orthopädie Rothenburg,http://klinik-rothenburg.diakonie.foundation/,http://klinik-rothenburg.diakonie.foundation/aktuelle_jobangebote.html,"Gudrun Lehnhardt Personalentwicklung
karriere@diakonie.foundation       "
Kreiskrankenhaus Weißwasser,https://kreiskrankenhaus-weisswasser.de/,https://kreiskrankenhaus-weisswasser.de/beruf-karriere/stellenangebote,personal@mg-lg.de       
ELBLANDKLINIKUM Radebeul,https://www.elblandkliniken.de/radebeul/,https://elblandkliniken.career.softgarden.de/,"Herr Prof. Dr. Maximilian Pilhatsch
Maximilian.Pilhatsch@elblandkliniken.de
bewerbung.radebeul@elblandkliniken.de       "
ELBLAND Rehabilitations- und Präventionsklinik Großenhain,Facharztzentrum der ELBLAND Rehabilitationsklinik Großenhain - ELBLAND Reha- und Präventions GmbH (elbland-reha.de),https://www.recura-jobs.de/#jobs%3Alocation%253DGro%25C3%259Fenhain,"PD Dr. med. Imanuel Dzialowski
imanuel.dzialowski@elbland-reha.de       "
ELBLANDKLINIKUM Meißen,https://www.elblandkliniken.de/meissen/,https://www.elblandkliniken.de/karriere/stellenangebote/,"Bewerbung.Riesa@elblandkliniken.de
Personal Dorit Koch Bewerbung.Radebeul@elblandkliniken.de
Personal Janine Nicolai
Chefarzt Dr. Thorsten Fuß bewerbung.meissen@elblandkliniken.de     "
ELBLANDKLINIKUM Riesa,https://www.elblandkliniken.de/riesa/,https://www.elblandkliniken.de/karriere/assistenzaerzte/,       
"Fachkrankenhaus Coswig - Lungenzentrum
",https://www.fachkrankenhaus-coswig.de/fkc.html,https://www.recura-jobs.de/#jobs%3Alocation%253DCoswig, leuteritz@lungenzentrum-coswig.de Sekretärin von Prof. Dr. Koschel       
Fachkliniken für Geriatrie Radeburg,https://www.fachkliniken-radeburg.de/fkg.html,https://www.recura-jobs.de/#jobs%3Alocation%253DRadeburg,"Frau Daniela Dießner-Koerner
Chefärztin Geriatrie
diessner-koerner@fachkliniken-radeburg.de
bewerbung@recura-kliniken.de Chefarzt Herr Dr. Neubart
neubart@fachkliniken-radeburg.de koerner@recura-kliniken.de Recruiter     "
KLINIK BAVARIA Kreischa,https://www.klinik-bavaria.de/,https://karriere.klinik-bavaria.de/aerztlicher-dienst,"Susann Kühnrich
Mitarbeiterin Personalabteilung
Referat – Ärztlicher Dienst
referat.aerztlicherdienst@klinik-bavaria.de
Aktuell nur Bewerber mit Approbation personal@klinik-bavaria.de      "
Neurologisches Rehabilitationszentrum für Kinder KLINIK BAVARIA Zscheckwitz,https://zscheckwitz.klinik-bavaria.de/,https://karriere.klinik-bavaria.de/aerztlicher-dienst,"Susann Kühnrich
Mitarbeiterin Personalabteilung
Referat – Ärztlicher Dienst
referat.aerztlicherdienst@klinik-bavaria.de
Aktuell nur Bewerber mit Approbation personal@klinik-bavaria.de      "
Sächsische Schweiz Klinik Sebnitz,https://www.asklepios.com/sebnitz/,https://www.asklepios.com/sebnitz/unternehmen/bewerber/stellenangebote/,"Herr Dr. Hendrik Heise
kommissarischer Chefarzt
h.heise@asklepios.com
personal.sachsen@asklepios.com Asklepios Klinik Weißenfels
Personalleiter
Herr Christopher Arnold
c.arnold@asklepios.com Frau Kerstin Forkert
k.forkert@asklepios.com     "
Asklepios Orthopädische Klinik Hohwald,https://www.asklepios.com/hohwald/,https://www.asklepios.com/hohwald/unternehmen/bewerber/stellenangebote/,       
Universitätsklinikum Leipzig,https://www.uniklinikum-leipzig.de/stellenangebote,https://www.uniklinikum-leipzig.de/jobs-ausbildung/karriere-machen/stellenangebote,       
Klinikum St. Georg Leipzig,https://www.sanktgeorg.de/klinikum-st-georg-krankenhaus-medizin-in-leipzig.html,https://www.duwirpasst.de/,"Chefarzt Klinik für Psychiatrie und Psychotherapie
Herr Dr. med. Grampp
Peter.Grampp@KH-Hubertusburg.de Chefarzt Unfallchirurgie, Orthopädie, Chirurgie
Herr PD Dr. med. habil. Jörg Böhme
j.boehme@sanktgeorg.de
jobs@sanktgeorg.de      "
St. Elisabeth-Krankenhaus Leipzig,https://ek-leipzig.de/mitarbeiter-karriere.html,https://ek-leipzig.de/mitarbeiter-karriere/stellenangebote.html,caroline.milker@ek-leipzig.de       
Ev. Diakonissenkrankenhaus Leipzig,https://www.diako-leipzig.de/,https://www.amd-karriere.de/jobs,"Personalassistentin Frau Simon
personalabteilung@ediacon.de       "
Sana Kliniken Leipziger Land,https://www.kh-muldental.de/beruf-karriere/,https://fa-eycl-saasfaeuraprod1.fa.ocs.oraclecloud.com/hcmUI/CandidateExperience/de/sites/CX_4025/requisitions?lastSelectedFacet=CATEGORIES&mode=job-location&selectedCategoriesFacet=300000002520091&selectedLocationsFacet=100000001926221,       
Lausitzer Seenland Klinikum,https://www.sana.de/seenlandklinikum,https://jobs.sana.de/de/sites/CX_4025/jobs?lastSelectedFacet=ORGANIZATIONS&location=Hoyerswerda%2C+Sachsen%2C+Deutschland&locationId=100000001950394&locationLevel=city&mode=job-location&radius=25&radiusUnit=KM&selectedOrganizationsFacet=300000011229998%3B300000012364086%3B300000012346474,       
Muldentalkliniken,kh-muldental.de,https://www.muldentalkliniken.de/stellenausschreibungen/,"Herr Dr. med. Nestler
Chefarzt Innere Medizin in Grimma
Peggy Knape
Chefarztsekretärin 
peggy.knape@kh-muldental.de
ingo.herrmann@kh-muldental.de Personal Herr Chefarzt M. Hasaballah
Chefarzt der Anästhesie/Intensivtherapie 
Peggy Knape
Chefarztsekretärin 
peggy.knape@kh-muldental.de      "
Diakonie Kliniken Zschadraß,https://www.diakoniezschadrass.de/karriereportal/stellenangebote/,https://www.diakoniezschadrass.de/karriereportal/stellenangebote/,"Chefarzt Dr. med. Oliver Somburg
o.somburg@diakoniezschadrass.de
Personalentwicklung Christian Herrmann
karriere@diakonie.foundation       "
Neurologisches Rehabilitationszentrum Leipzig,https://michelskliniken.de/kliniken/neurologisches-rehabilitationszentrum-leipzig/ihre-klinik/,https://karriere-michelskliniken.de/stellenangebote/,"kretzschmar@brandenburgklinik.de
Dr. Med Elke Kretschmar Chefärztin Neurologie Personal
Herr Patrick Lück
karriere@michelsgruppe.de      "
Kliniken Eilenburg (und Delitzsch),https://www.kliniken-delitzsch-eilenburg.de/karriere/stellenangebote,https://www.kliniken-delitzsch-eilenburg.de/karriere/stellenangebote?page=1,"Herrn ChA Dr. med. L. Badura
Sekreteriat
k.schenke@kkh-delitzsch-gmbh.de
bewerbung@kkh-delitzsch-gmbh.de       "
Kliniken Delitzsch ( und Eilenburg),https://www.kliniken-delitzsch-eilenburg.de/karriere/stellenangebote,https://www.kliniken-delitzsch-eilenburg.de/karriere/stellenangebote?page=1,"Herrn ChA Prof. Dr. med. habil. L. Schaffranietz
l.schaffranietz@kkh-delitzsch-gmbh.de
bewerbung@kkh-delitzsch-gmbh.de       "
Sächsisches Krankenhaus Altscherbitz,https://www.skh-altscherbitz.sachsen.de/startseite/,https://www.skh-altscherbitz.sachsen.de/beruf-karriere/stellenangebote/aerztlicher-dienst-und-psychologen/,bewerbung@skhal.sms.sachsen.de Frau Lichy Personal       
COLLM KLINIK OSCHATZ,https://www.collm-klinik-oschatz.de/karriere,https://www.collm-klinik-oschatz.de/karriere#karriere_stellenangebote,"Chefarzt INNERE Dr. med. Hans-Joachim Kolb
kolbhj@collm-klinik-oschatz.de, Chefarzt Herr Dr. Oliver Hensel
sekretariat.anaesthesie@collm-klinik-oschatz.de 
Clemens Leisegang
cleisegang@collm-klinik-oschatz.de Herr PD Dr. med. habil. Jörg Böhme
Chefarzt der Klinik für Orthopädie, Unfallchirurgie
j.boehme@sanktgeorg.de
 jobs@sanktgeorg.de     "
Fachkrankenhaus Hubertusburg,https://www.sanktgeorg.de/index.php?id=326,https://www.duwirpasst.de/fachbereiche/aerzte/,"Leitende Oberärztin
Frau Jasmin Süß
Sekretariat Ute Thiele
ute.thiele@kh-hubertusburg.de
KJPPP@kh-hubertusburg.de Chefarzt der Klinik für Psychiatrie und Psychotherapie
Herr Dr. med. Grampp
Peter.Grampp@kh-hubertusburg.de      "
"Kreiskrankenhaus Torgau ""Johann Kentmann""",Unsere aktuellen Stellenangebote (kkh-torgau.de),https://www.kkh-torgau.de/beruf-karriere/stellenangebote/,"Ingo Poser Personalleitung
poser@kkh-torgau.de  CLAUDIA GUTSCHE
Fachärztin für Anästhesiologie
intensivstation@kkh-torgau.de
poser@kkh-torgau.de       "
Johannesbad Medizin Reha Nord Dresden,https://johannesbad-ambulante-reha.com/standorte/johannesbad-reha-nord,johannesbad-karriere.com/stellenangebote.aspx,       
MEDICLIN Reha-Zentrum Bad Düben,https://www.reha-zentrum-bad-dueben.de/,https://www.mediclin-karriere.de/bad-dueben/,       
Sachsenklinik Bad Lausick,https://michelskliniken.de/kliniken/sachsenklinik-bad-lausick/ihre-klinik/,https://karriere-michelskliniken.de/,"Nora Engelmann
Ärztliche Direktorin
Chefärztin RehabilitationPersonal
engelmann@sachsenklinik.de
Herr Patrick Lück
karriere@michelsgruppe.de""       "
Johannesbad Fachklinik & Gesundheitszentrum Raupennest,https://www.johannesbad-medizin.com/altenbergraupennest,https://www.johannesbad-karriere.com/home.aspx,       
Klinik am Tharandter Wald in Halsbrücke,https://www.reha-hetzdorf.de/,https://www.reha-hetzdorf.de/jobs/,       
Rehabilitationsklinik Miriquidi,https://wiesenbad.de/thermalbad-und-rehaklinik/rehaklinik-miriquidi/,https://wiesenbad.de/thermalbad-und-rehaklinik/ueber-uns/karriere/,       
Klinmik für integrative Medizin,https://www.celenus-kliniken.de/dekimed/,https://www.celenus-karriere.de/jobs/klinik/10/celenus-deutsche-klinik-fuer-integrative-medizin-dekimed/,       
HELIOS Klinik Schkeuditz Postleitzahl 04435,vorrübergehend geschlossen,,       
,,,       
,,,       
,,,       
,,,       
,,,       
,,,       
,,,       
,,,       
,,,       
,,,       
,,,       
,,,       
,,,       
,,,       
,,,       
,,,       
,,,       
,,,       
,,,       
,,,       
,,,       
,,,       
,,,       
,,,       
,,,       
,,,       
,,,       